短期均线参数,长期均线参数,杠杆,成交量win,成交量Thr,止损p,最终盈利,最大亏损,最大回撤,胜率,回撤时间,资金费率
14,35,8,5,1.5,0.05,-45776.717660000206,-43287.15551999998,101.35882426892056,0.4,7362,11823.620900000009
