RSI,超买,ATR,止盈,止损,杠杆,费率,最终盈利,最大盈利,平均盈利,最大亏损,平均亏损,期望收益,盈亏比,最大回撤,回撤时间,回报回撤,交易总数,胜率
6,30,6,1,1,1,383.27529100710757,-6940.8096346580105,847.8835271589638,154.48831852191057,-222.806546366726,-42.23934021158881,-14.02,0.61,1.66%,86507,-0.87,495,0.14
