RSI,超买,ATR,止盈,止损,杠杆,费率,最终盈利,最大盈利,平均盈利,最大亏损,平均亏损,期望收益,盈亏比,最大回撤,回撤时间,回报回撤,交易总数,胜率
6,20,6,1,3,1,0,10298.60000000002,2283.5,252.30272479564053,-1818.199999999997,-254.00154320987673,14.90,1.13,10.39%,29497,1.42,691,0.53
