RSI,均线下止损,均线下止盈,费率,最终盈利,最大盈利,平均盈利,最大亏损,平均亏损,期望收益,盈亏比,最大回撤,回撤时间,回报回撤,交易总数,胜率
6,0.3,3.8,272.97044382610557,4753.143414752278,656.4627369456366,213.79181031627684,-290.12710975815986,-83.5900168378141,53.41,2.18,104.34%,44433,-0.78,89,0.46
