RSI,超买,超买Deltea,ATR,下影线百分比,前值数,均线,初始均线下止损,初始均线上止损,初始均线下止盈,初始均线上止盈,均线下止损,均线上止损,均线下止盈,均线上止盈,杠杆,费率,最终盈利,最大盈利,平均盈利,最大亏损,平均亏损,期望收益,盈亏比,最大回撤,回撤时间,回报回撤,交易总数,胜率
6,24,0,6,68,6,50,1.3,2,4,4,2,4.7,2,3.5,50,206.75476903599542,4354.632253710095,1115.3062272072568,147.31598358499,-145.14431463122474,-36.360423568148725,17.49,1.68,0.37%,15851,2.25,249,0.29
